[
  {
    "name": "theme_info",
    "logo": "https:\/\/cdn.shopify.com\/s\/global\/branding\/shopify_logo_256x256.png",
    "settings": [
      {
        "type": "header",
        "content": "Solo Theme"
      },
      {
        "type": "paragraph",
        "content": "This theme is officially supported by Shopify, if you have any questions please [contact our support team](mailto:themesupport@shopify.com)"
      }
    ]
  },
  {
    "name": "Colors",
    "settings": [
      {
        "type": "header",
        "content": "General"
      },
      {
        "type": "color",
        "id": "color_body_bg",
        "label": "Body Background",
        "default": "#ffffff"
      },
      {
        "type": "color",
        "id": "color_borders",
        "label": "Lines and Borders",
        "default": "#ebebeb"
      },
      {
        "type": "color",
        "id": "color_payment_icons",
        "label": "Payment icons",
        "default": "#ebebeb"
      },
      {
        "type": "header",
        "content": "Navigation"
      },
      {
        "type": "color",
        "id": "color_navigation_bg",
        "label": "Navigation Background",
        "default": "#7acec3"
      },
      {
        "type": "color",
        "id": "color_navigation_links",
        "label": "Navigation Links",
        "default": "#ffffff"
      },
      {
        "type": "header",
        "content": "Buttons"
      },
      {
        "type": "color",
        "id": "color_button_primary",
        "label": "Primary Color",
        "default": "#7acec3"
      },
      {
        "type": "color",
        "id": "color_button_primary_text",
        "label": "Primary Text Color",
        "default": "#ffffff"
      },
      {
        "type": "color",
        "id": "color_button_secondary",
        "label": "Secondary Button Color",
        "default": "#7acec3"
      },
      {
        "type": "color",
        "id": "color_button_secondary_text",
        "label": "Secondary Button Text Color",
        "default": "#ffffff"
      },
      {
        "type": "header",
        "content": "Text"
      },
      {
        "type": "color",
        "id": "color_heading",
        "label": "Headings",
        "default": "#444343"
      },
      {
        "type": "color",
        "id": "color_sub_heading",
        "label": "Sub-headings",
        "default": "#a1a1a1"
      },
      {
        "type": "color",
        "id": "color_body_text",
        "label": "Body Text",
        "default": "#696969"
      },
      {
        "type": "color",
        "id": "color_price",
        "label": "Price",
        "default": "#444343"
      },
      {
        "type": "color",
        "id": "color_sale_price",
        "label": "Sale Price",
        "default": "#a1a1a1"
      },
      {
        "type": "color",
        "id": "color_links",
        "label": "Links",
        "default": "#62b2a7"
      }
    ]
  },
  {
    "name": "Typography",
    "settings": [
      {
        "type": "header",
        "content": "Navigation, Buttons and Sub-headings"
      },
      {
        "type": "select",
        "id": "type_accent_family",
        "label": "Font Family",
        "options": [
          {
            "value": "Google_Montserrat_700_sans",
            "label": "Montserrat Bold",
            "group": "Sans-serif | Google Web Fonts"
          },
          {
            "value": "Google_Montserrat_400_sans",
            "label": "Montserrat",
            "group": "Sans-serif | Google Web Fonts"
          },
          {
            "value": "Google_Droid+Sans_400_sans",
            "label": "Droid Sans",
            "group": "Sans-serif | Google Web Fonts"
          },
          {
            "value": "Google_Dosis_600_sans",
            "label": "Dosis Semi-Bold",
            "group": "Sans-serif | Google Web Fonts"
          },
          {
            "value": "Google_Lato_700_sans",
            "label": "Lato Bold",
            "group": "Sans-serif | Google Web Fonts"
          },
          {
            "value": "Google_Open+Sans_600_sans",
            "label": "Open Sans Semi-Bold",
            "group": "Sans-serif | Google Web Fonts"
          },
          {
            "value": "Google_PT+Sans_400_sans",
            "label": "PT Sans",
            "group": "Sans-serif | Google Web Fonts"
          },
          {
            "value": "Google_Roboto_500_sans",
            "label": "Roboto Semi-Bold",
            "group": "Sans-serif | Google Web Fonts"
          },
          {
            "value": "Google_Ubuntu_400_sans",
            "label": "Ubuntu",
            "group": "Sans-serif | Google Web Fonts"
          },
          {
            "value": "'Avant Garde', Avantgarde, 'Century Gothic', CenturyGothic, 'AppleGothic', sans-serif",
            "label": "Avant Garde",
            "group": "Sans-serif"
          },
          {
            "value": "'Gill Sans', 'Gill Sans MT', Calibri, sans-serif",
            "label": "Gill Sans",
            "group": "Sans-serif"
          },
          {
            "value": "'HelveticaNeue', 'Helvetica Neue', Helvetica, Arial, sans-serif",
            "label": "Helvetica Neue",
            "group": "Sans-serif"
          },
          {
            "value": "Arial, 'Helvetica Neue', Helvetica, sans-serif",
            "label": "Arial",
            "group": "Sans-serif"
          },
          {
            "value": "Candara, Calibri, Segoe, 'Segoe UI', Optima, Arial, sans-serif",
            "label": "Candara",
            "group": "Sans-serif"
          },
          {
            "value": "Geneva, Tahoma, Verdana, sans-serif",
            "label": "Geneva",
            "group": "Sans-serif"
          },
          {
            "value": "Google_Merriweather_700",
            "label": "Merriweather Bold",
            "group": "Serif | Google Web Fonts"
          },
          {
            "value": "Google_Arvo_400_serif",
            "label": "Arvo",
            "group": "Serif | Google Web Fonts"
          },
          {
            "value": "Google_Crimson+Text_600_serif",
            "label": "Crimson Text Semi-Bold",
            "group": "Serif | Google Web Fonts"
          },
          {
            "value": "Google_Droid+Serif_400_serif",
            "label": "Droid Serif",
            "group": "Serif | Google Web Fonts"
          },
          {
            "value": "Google_Lora_400_serif",
            "label": "Lora",
            "group": "Serif | Google Web Fonts"
          },
          {
            "value": "Google_PT+Serif_400_serif",
            "label": "PT Serif",
            "group": "Serif | Google Web Fonts"
          },
          {
            "value": "'Big Caslon', 'Book Antiqua', 'Palatino Linotype', Georgia, serif",
            "label": "Big Calson",
            "group": "Serif"
          },
          {
            "value": "'Calisto MT', 'Bookman Old Style', Bookman, 'Goudy Old Style', Garamond, 'Hoefler Text', 'Bitstream Charter', Georgia, serif",
            "label": "Calisto MT",
            "group": "Serif"
          },
          {
            "value": "Baskerville, 'Baskerville Old Face', 'Hoefler Text', Garamond, 'Times New Roman', serif",
            "label": "Baskerville",
            "group": "Serif"
          },
          {
            "value": "Garamond, Baskerville, 'Baskerville Old Face', 'Hoefler Text', 'Times New Roman', serif",
            "label": "Garamond",
            "group": "Serif"
          },
          {
            "value": "TimesNewRoman, 'Times New Roman', Times, Baskerville, Georgia, serif",
            "label": "Times New Roman",
            "group": "Serif"
          }
        ]
      },
      {
        "type": "select",
        "id": "type_navigation_size",
        "label": "Font Size",
        "options": [
          {
            "value": "13px",
            "label": "13px"
          },
          {
            "value": "14px",
            "label": "14px"
          },
          {
            "value": "15px",
            "label": "15px"
          },
          {
            "value": "16px",
            "label": "16px"
          },
          {
            "value": "17px",
            "label": "17px"
          },
          {
            "value": "18px",
            "label": "18px"
          },
          {
            "value": "19px",
            "label": "19px"
          }
        ]
      },
      {
        "type": "checkbox",
        "id": "type_navigation_transform",
        "label": "Capitalize"
      },
      {
        "type": "header",
        "content": "Headings"
      },
      {
        "type": "select",
        "id": "type_header_family",
        "label": "Font Family",
        "options": [
          {
            "value": "Google_Merriweather_700",
            "label": "Merriweather Bold",
            "group": "Serif | Google Web Fonts"
          },
          {
            "value": "Google_Arvo_400_serif",
            "label": "Arvo",
            "group": "Serif | Google Web Fonts"
          },
          {
            "value": "Google_Crimson+Text_600_serif",
            "label": "Crimson Text Semi-Bold",
            "group": "Serif | Google Web Fonts"
          },
          {
            "value": "Google_Droid+Serif_400_serif",
            "label": "Droid Serif",
            "group": "Serif | Google Web Fonts"
          },
          {
            "value": "Google_Lora_400_serif",
            "label": "Lora",
            "group": "Serif | Google Web Fonts"
          },
          {
            "value": "Google_PT+Serif_400_serif",
            "label": "PT Serif",
            "group": "Serif | Google Web Fonts"
          },
          {
            "value": "'Big Caslon', 'Book Antiqua', 'Palatino Linotype', Georgia, serif",
            "label": "Big Calson",
            "group": "Serif"
          },
          {
            "value": "'Calisto MT', 'Bookman Old Style', Bookman, 'Goudy Old Style', Garamond, 'Hoefler Text', 'Bitstream Charter', Georgia, serif",
            "label": "Calisto MT",
            "group": "Serif"
          },
          {
            "value": "Baskerville, 'Baskerville Old Face', 'Hoefler Text', Garamond, 'Times New Roman', serif",
            "label": "Baskerville",
            "group": "Serif"
          },
          {
            "value": "Garamond, Baskerville, 'Baskerville Old Face', 'Hoefler Text', 'Times New Roman', serif",
            "label": "Garamond",
            "group": "Serif"
          },
          {
            "value": "TimesNewRoman, 'Times New Roman', Times, Baskerville, Georgia, serif",
            "label": "Times New Roman",
            "group": "Serif"
          },
          {
            "value": "'Avant Garde', Avantgarde, 'Century Gothic', CenturyGothic, 'AppleGothic', sans-serif",
            "label": "Avant Garde",
            "group": "Sans-serif"
          },
          {
            "value": "'Gill Sans', 'Gill Sans MT', Calibri, sans-serif",
            "label": "Gill Sans",
            "group": "Sans-serif"
          },
          {
            "value": "'HelveticaNeue', 'Helvetica Neue', Helvetica, Arial, sans-serif",
            "label": "Helvetica Neue",
            "group": "Sans-serif"
          },
          {
            "value": "Arial, 'Helvetica Neue', Helvetica, sans-serif",
            "label": "Arial",
            "group": "Sans-serif"
          },
          {
            "value": "Candara, Calibri, Segoe, 'Segoe UI', Optima, Arial, sans-serif",
            "label": "Candara",
            "group": "Sans-serif"
          },
          {
            "value": "Geneva, Tahoma, Verdana, sans-serif",
            "label": "Geneva",
            "group": "Sans-serif"
          },
          {
            "value": "Google_Droid+Sans_400_sans",
            "label": "Droid Sans",
            "group": "Sans-serif | Google Web Fonts"
          },
          {
            "value": "Google_Dosis_600_sans",
            "label": "Dosis Semi-Bold",
            "group": "Sans-serif | Google Web Fonts"
          },
          {
            "value": "Google_Lato_700_sans",
            "label": "Lato Bold",
            "group": "Sans-serif | Google Web Fonts"
          },
          {
            "value": "Google_Montserrat_400_sans",
            "label": "Montserrat",
            "group": "Sans-serif | Google Web Fonts"
          },
          {
            "value": "Google_Montserrat_700_sans",
            "label": "Montserrat Bold",
            "group": "Sans-serif | Google Web Fonts"
          },
          {
            "value": "Google_Open+Sans_600_sans",
            "label": "Open Sans Semi-Bold",
            "group": "Sans-serif | Google Web Fonts"
          },
          {
            "value": "Google_PT+Sans_400_sans",
            "label": "PT Sans",
            "group": "Sans-serif | Google Web Fonts"
          },
          {
            "value": "Google_Roboto_500_sans",
            "label": "Roboto Semi-Bold",
            "group": "Sans-serif | Google Web Fonts"
          },
          {
            "value": "Google_Ubuntu_400_sans",
            "label": "Ubuntu",
            "group": "Sans-serif | Google Web Fonts"
          }
        ]
      },
      {
        "type": "select",
        "id": "type_heading_size",
        "label": "Base Font Size",
        "options": [
          {
            "value": "25px",
            "label": "25px"
          },
          {
            "value": "26px",
            "label": "26px"
          },
          {
            "value": "27px",
            "label": "27px"
          },
          {
            "value": "28px",
            "label": "28px"
          },
          {
            "value": "29px",
            "label": "29px"
          },
          {
            "value": "30px",
            "label": "30px"
          },
          {
            "value": "31px",
            "label": "31px"
          },
          {
            "value": "32px",
            "label": "32px"
          },
          {
            "value": "33px",
            "label": "33px"
          },
          {
            "value": "34px",
            "label": "34px"
          },
          {
            "value": "35px",
            "label": "35px"
          },
          {
            "value": "36px",
            "label": "36px"
          },
          {
            "value": "37px",
            "label": "37px"
          },
          {
            "value": "38px",
            "label": "38px"
          },
          {
            "value": "39px",
            "label": "39px"
          },
          {
            "value": "40px",
            "label": "40px"
          },
          {
            "value": "41px",
            "label": "41px"
          },
          {
            "value": "42px",
            "label": "42px"
          },
          {
            "value": "43px",
            "label": "43px"
          },
          {
            "value": "44px",
            "label": "44px"
          },
          {
            "value": "45px",
            "label": "45px"
          }
        ]
      },
      {
        "type": "checkbox",
        "id": "type_heading_transform",
        "label": "Capitalize"
      },
      {
        "type": "header",
        "content": "Body Text"
      },
      {
        "type": "select",
        "id": "type_base_family",
        "label": "Font Family",
        "options": [
          {
            "value": "Google_Open+Sans",
            "label": "Open Sans",
            "group": "Sans-serif | Google Web Fonts"
          },
          {
            "value": "Google_Open+Sans_600_sans",
            "label": "Open Sans Semi-Bold",
            "group": "Sans-serif | Google Web Fonts"
          },
          {
            "value": "Google_Droid+Sans_400_sans",
            "label": "Droid Sans",
            "group": "Sans-serif | Google Web Fonts"
          },
          {
            "value": "Google_Dosis_600_sans",
            "label": "Dosis Semi-Bold",
            "group": "Sans-serif | Google Web Fonts"
          },
          {
            "value": "Google_Lato_700_sans",
            "label": "Lato Bold",
            "group": "Sans-serif | Google Web Fonts"
          },
          {
            "value": "Google_Montserrat_400_sans",
            "label": "Montserrat",
            "group": "Sans-serif | Google Web Fonts"
          },
          {
            "value": "Google_Montserrat_700_sans",
            "label": "Montserrat Bold",
            "group": "Sans-serif | Google Web Fonts"
          },
          {
            "value": "Google_PT+Sans_400_sans",
            "label": "PT Sans",
            "group": "Sans-serif | Google Web Fonts"
          },
          {
            "value": "Google_Roboto_500_sans",
            "label": "Roboto Semi-Bold",
            "group": "Sans-serif | Google Web Fonts"
          },
          {
            "value": "Google_Ubuntu_400_sans",
            "label": "Ubuntu",
            "group": "Sans-serif | Google Web Fonts"
          },
          {
            "value": "'Avant Garde', Avantgarde, 'Century Gothic', CenturyGothic, 'AppleGothic', sans-serif",
            "label": "Avant Garde",
            "group": "Sans-serif"
          },
          {
            "value": "'Gill Sans', 'Gill Sans MT', Calibri, sans-serif",
            "label": "Gill Sans",
            "group": "Sans-serif"
          },
          {
            "value": "'HelveticaNeue', 'Helvetica Neue', Helvetica, Arial, sans-serif",
            "label": "Helvetica Neue",
            "group": "Sans-serif"
          },
          {
            "value": "Arial, 'Helvetica Neue', Helvetica, sans-serif",
            "label": "Arial",
            "group": "Sans-serif"
          },
          {
            "value": "Candara, Calibri, Segoe, 'Segoe UI', Optima, Arial, sans-serif",
            "label": "Candara",
            "group": "Sans-serif"
          },
          {
            "value": "Geneva, Tahoma, Verdana, sans-serif",
            "label": "Geneva",
            "group": "Sans-serif"
          },
          {
            "value": "Google_Merriweather_700",
            "label": "Merriweather Bold",
            "group": "Serif | Google Web Fonts"
          },
          {
            "value": "Google_Arvo_400_serif",
            "label": "Arvo",
            "group": "Serif | Google Web Fonts"
          },
          {
            "value": "Google_Crimson+Text_600_serif",
            "label": "Crimson Text Semi-Bold",
            "group": "Serif | Google Web Fonts"
          },
          {
            "value": "Google_Droid+Serif_400_serif",
            "label": "Droid Serif",
            "group": "Serif | Google Web Fonts"
          },
          {
            "value": "Google_Lora_400_serif",
            "label": "Lora",
            "group": "Serif | Google Web Fonts"
          },
          {
            "value": "Google_PT+Serif_400_serif",
            "label": "PT Serif",
            "group": "Serif | Google Web Fonts"
          },
          {
            "value": "'Big Caslon', 'Book Antiqua', 'Palatino Linotype', Georgia, serif",
            "label": "Big Calson",
            "group": "Serif"
          },
          {
            "value": "'Calisto MT', 'Bookman Old Style', Bookman, 'Goudy Old Style', Garamond, 'Hoefler Text', 'Bitstream Charter', Georgia, serif",
            "label": "Calisto MT",
            "group": "Serif"
          },
          {
            "value": "Baskerville, 'Baskerville Old Face', 'Hoefler Text', Garamond, 'Times New Roman', serif",
            "label": "Baskerville",
            "group": "Serif"
          },
          {
            "value": "Garamond, Baskerville, 'Baskerville Old Face', 'Hoefler Text', 'Times New Roman', serif",
            "label": "Garamond",
            "group": "Serif"
          },
          {
            "value": "TimesNewRoman, 'Times New Roman', Times, Baskerville, Georgia, serif",
            "label": "Times New Roman",
            "group": "Serif"
          }
        ]
      },
      {
        "type": "select",
        "id": "type_base_size",
        "label": "Font Size",
        "options": [
          {
            "value": "13px",
            "label": "13px"
          },
          {
            "value": "14px",
            "label": "14px"
          },
          {
            "value": "15px",
            "label": "15px"
          },
          {
            "value": "16px",
            "label": "16px"
          },
          {
            "value": "17px",
            "label": "17px"
          },
          {
            "value": "18px",
            "label": "18px"
          },
          {
            "value": "19px",
            "label": "19px"
          }
        ]
      }
    ]
  },
  {
    "name": "Header",
    "settings": [
      {
        "type": "header",
        "content": "Logo"
      },
      {
        "type": "checkbox",
        "id": "logo_use_image",
        "label": "Use Custom Logo"
      },
      {
        "type": "image",
        "id": "logo.png",
        "label": "Custom Logo",
        "max-width": 450,
        "max-height": 250,
        "info": "Maximum logo dimensions are 450px wide by 250px high. The uploaded file will be resized to fit within those constraints."
      },
      {
        "type": "text",
        "id": "logo_max_width",
        "label": "Max Logo Width",
        "default": "450",
        "info": "Defines the CSS max-width."
      },
      {
        "type": "header",
        "content": "Favicon"
      },
      {
        "type": "checkbox",
        "id": "favicon_enable",
        "label": "Use custom icon?"
      },
      {
        "type": "image",
        "id": "favicon.png",
        "label": "16px x 16px png",
        "max-width": 16,
        "max-height": 16
      }
    ]
  },
  {
    "name": "Footer",
    "settings": [
      {
        "type": "checkbox",
        "id": "footer_quicklinks_enable",
        "label": "Show quick links"
      },
      {
        "type": "link_list",
        "id": "footer_quicklinks_linklist",
        "label": "Quick links link list"
      },
      {
        "type": "checkbox",
        "id": "footer_social_enable",
        "label": "Show social media links"
      },
      {
        "type": "text",
        "id": "social_twitter_link",
        "label": "Twitter link"
      },
      {
        "type": "text",
        "id": "social_facebook_link",
        "label": "Facebook link"
      },
      {
        "type": "text",
        "id": "social_pinterest_link",
        "label": "Pinterest link"
      },
      {
        "type": "text",
        "id": "social_google_plus_link",
        "label": "Google Plus link"
      },
      {
        "type": "text",
        "id": "social_instagram_link",
        "label": "Instagram link"
      },
      {
        "type": "text",
        "id": "social_tumblr_link",
        "label": "Tumblr link"
      },
      {
        "type": "text",
        "id": "social_youtube_link",
        "label": "YouTube link"
      },
      {
        "type": "text",
        "id": "social_vimeo_link",
        "label": "Vimeo link"
      },
      {
        "type": "text",
        "id": "social_fancy_link",
        "label": "Fancy link"
      },
      {
        "type": "checkbox",
        "id": "footer_custom_enable",
        "label": "Show footer contact info"
      },
      {
        "type": "text",
        "id": "footer_custom_title",
        "label": "Footer contact title"
      },
      {
        "type": "textarea",
        "id": "footer_custom_text",
        "label": "Footer contact text",
        "info": "Basic HTML formatting is allowed"
      },
      {
        "type": "checkbox",
        "id": "footer_newsletter_enable",
        "label": "Show Newsletter Field"
      },
      {
        "type": "text",
        "id": "newsletter_form_action",
        "label": "MailChimp Form Action URL",
        "info": "[Where can I find this?](http:\/\/docs.shopify.com\/support\/configuration\/store-customization\/where-do-i-get-my-mailchimp-form-action)"
      }
    ]
  },
  {
    "name": "Home Page",
    "settings": [
      {
        "type": "header",
        "content": "Sections"
      },
      {
        "type": "select",
        "id": "home_section_1",
        "label": "Choose which sections to show on your home page and the order in which they should appear.",
        "options": [
          {
            "value": "",
            "label": "(none)"
          },
          {
            "value": "slider",
            "label": "Slider"
          },
          {
            "value": "featured-product",
            "label": "Featured Single Product"
          },
          {
            "value": "featured-collections",
            "label": "Featured Collections"
          },
          {
            "value": "featured-collection",
            "label": "Featured Products"
          },
          {
            "value": "home-content",
            "label": "Page Content"
          }
        ]
      },
      {
        "type": "select",
        "id": "home_section_2",
        "options": [
          {
            "value": "",
            "label": "(none)"
          },
          {
            "value": "slider",
            "label": "Slider"
          },
          {
            "value": "featured-product",
            "label": "Featured Single Product"
          },
          {
            "value": "featured-collections",
            "label": "Featured Collections"
          },
          {
            "value": "featured-collection",
            "label": "Featured Products"
          },
          {
            "value": "home-content",
            "label": "Page Content"
          }
        ]
      },
      {
        "type": "select",
        "id": "home_section_3",
        "options": [
          {
            "value": "",
            "label": "(none)"
          },
          {
            "value": "slider",
            "label": "Slider"
          },
          {
            "value": "featured-product",
            "label": "Featured Single Product"
          },
          {
            "value": "featured-collections",
            "label": "Featured Collections"
          },
          {
            "value": "featured-collection",
            "label": "Featured Products"
          },
          {
            "value": "home-content",
            "label": "Page Content"
          }
        ]
      },
      {
        "type": "select",
        "id": "home_section_4",
        "options": [
          {
            "value": "",
            "label": "(none)"
          },
          {
            "value": "slider",
            "label": "Slider"
          },
          {
            "value": "featured-product",
            "label": "Featured Single Product"
          },
          {
            "value": "featured-collections",
            "label": "Featured Collections"
          },
          {
            "value": "featured-collection",
            "label": "Featured Products"
          },
          {
            "value": "home-content",
            "label": "Page Content"
          }
        ]
      },
      {
        "type": "paragraph",
        "content": "You can configure each section below."
      }
    ]
  },
  {
    "name": "Home Page - Slider",
    "settings": [
      {
        "type": "paragraph",
        "content": "You can turn this section on and off in the Home Page section above. Note: The optimal dimensions for your slideshow images are 955px wide and a consistent height."
      },
      {
        "type": "checkbox",
        "id": "slider_home_auto",
        "label": "Rotate slides"
      },
      {
        "type": "select",
        "id": "slider_home_effect",
        "label": "Animation between slides",
        "options": [
          {
            "value": "fadeOut",
            "label": "Fade"
          },
          {
            "value": "false",
            "label": "Slide"
          }
        ]
      },
      {
        "type": "select",
        "id": "slider_home_rate",
        "label": "Time between slides",
        "options": [
          {
            "value": "5000",
            "label": "5 seconds"
          },
          {
            "value": "6000",
            "label": "6 seconds"
          },
          {
            "value": "7000",
            "label": "7 seconds"
          },
          {
            "value": "8000",
            "label": "8 seconds"
          },
          {
            "value": "9000",
            "label": "9 seconds"
          },
          {
            "value": "10000",
            "label": "10 seconds"
          },
          {
            "value": "15000",
            "label": "15 seconds"
          }
        ]
      },
      {
        "type": "header",
        "content": "Slide 1"
      },
      {
        "type": "checkbox",
        "id": "slide_1",
        "label": "Enable"
      },
      {
        "type": "image",
        "id": "slide_1.jpg",
        "label": "Image",
        "max-width": 955
      },
      {
        "type": "text",
        "id": "slide_1_link",
        "label": "Link URL",
        "default": "collections\/all"
      },
      {
        "type": "text",
        "id": "slide_1_alt",
        "label": "Alt Text"
      },
      {
        "type": "header",
        "content": "Slide 2"
      },
      {
        "type": "checkbox",
        "id": "slide_2",
        "label": "Enable"
      },
      {
        "type": "image",
        "id": "slide_2.jpg",
        "label": "Image",
        "max-width": 955
      },
      {
        "type": "text",
        "id": "slide_2_link",
        "label": "Link URL"
      },
      {
        "type": "text",
        "id": "slide_2_alt",
        "label": "Alt Text"
      },
      {
        "type": "header",
        "content": "Slide 3"
      },
      {
        "type": "checkbox",
        "id": "slide_3",
        "label": "Enable"
      },
      {
        "type": "image",
        "id": "slide_3.jpg",
        "label": "Image",
        "max-width": 955
      },
      {
        "type": "text",
        "id": "slide_3_link",
        "label": "Link URL"
      },
      {
        "type": "text",
        "id": "slide_3_alt",
        "label": "Alt Text"
      },
      {
        "type": "header",
        "content": "Slide 4"
      },
      {
        "type": "checkbox",
        "id": "slide_4",
        "label": "Enable"
      },
      {
        "type": "image",
        "id": "slide_4.jpg",
        "label": "Image",
        "max-width": 955
      },
      {
        "type": "text",
        "id": "slide_4_link",
        "label": "Link URL"
      },
      {
        "type": "text",
        "id": "slide_4_alt",
        "label": "Alt Text"
      },
      {
        "type": "header",
        "content": "Slide 5"
      },
      {
        "type": "checkbox",
        "id": "slide_5",
        "label": "Enable"
      },
      {
        "type": "image",
        "id": "slide_5.jpg",
        "label": "Image",
        "max-width": 955
      },
      {
        "type": "text",
        "id": "slide_5_link",
        "label": "Link URL"
      },
      {
        "type": "text",
        "id": "slide_5_alt",
        "label": "Alt Text"
      },
      {
        "type": "header",
        "content": "Slide 6"
      },
      {
        "type": "checkbox",
        "id": "slide_6",
        "label": "Enable"
      },
      {
        "type": "image",
        "id": "slide_6.jpg",
        "label": "Image",
        "max-width": 955
      },
      {
        "type": "text",
        "id": "slide_6_link",
        "label": "Link URL"
      },
      {
        "type": "text",
        "id": "slide_6_alt",
        "label": "Alt Text"
      }
    ]
  },
  {
    "name": "Home Page - Featured Single Product",
    "settings": [
      {
        "type": "paragraph",
        "content": "You can turn this section on and off in the Home Page section above"
      },
      {
        "type": "collection",
        "id": "home_featured_single_product",
        "label": "Choose Collection"
      },
      {
        "type": "paragraph",
        "content": "The theme will feature the first product found in this collection on the homepage."
      }
    ]
  },
  {
    "name": "Home Page - Featured Collections",
    "settings": [
      {
        "type": "paragraph",
        "content": "You can turn this section on and off in the Home Page section above"
      },
      {
        "type": "radio",
        "id": "home_featured_collections_sort",
        "label": "Choose Collections",
        "options": [
          {
            "value": "auto",
            "label": "Automatically (selects the your first six collections in alphabetical order)"
          },
          {
            "value": "manual",
            "label": "Manually (select below)"
          }
        ]
      },
      {
        "type": "collection",
        "id": "collection_1"
      },
      {
        "type": "collection",
        "id": "collection_2"
      },
      {
        "type": "collection",
        "id": "collection_3"
      },
      {
        "type": "collection",
        "id": "collection_4"
      },
      {
        "type": "collection",
        "id": "collection_5"
      },
      {
        "type": "collection",
        "id": "collection_6"
      }
    ]
  },
  {
    "name": "Home Page - Featured Products",
    "settings": [
      {
        "type": "paragraph",
        "content": "You can turn this section on and off in the Home Page section above"
      },
      {
        "type": "collection",
        "id": "home_featured_products",
        "label": "Choose Collection"
      }
    ]
  },
  {
    "name": "Home Page - Page Content",
    "settings": [
      {
        "type": "paragraph",
        "content": "You can turn this section on and off in the Home Page section above"
      },
      {
        "type": "page",
        "id": "home_page_content",
        "label": "Choose page"
      }
    ]
  },
  {
    "name": "Product Pages",
    "settings": [
      {
        "type": "checkbox",
        "id": "product_quantity_enable",
        "label": "Show Quantity Selector"
      },
      {
        "type": "checkbox",
        "id": "product_quantity_message",
        "label": "Show Remaining Quantity Message",
        "info": "Displays when less than 10 items remain in stock."
      },
      {
        "type": "checkbox",
        "id": "product_vendor_enable",
        "label": "Show Product Vendor"
      },
      {
        "type": "checkbox",
        "id": "related_products_enable",
        "label": "Show Related Products"
      }
    ]
  },
  {
    "name": "Collection Pages",
    "settings": [
      {
        "type": "select",
        "id": "collection_paginate_by",
        "label": "Products per page",
        "options": [
          {
            "value": "6",
            "label": "6"
          },
          {
            "value": "9",
            "label": "9"
          },
          {
            "value": "12",
            "label": "12"
          },
          {
            "value": "15",
            "label": "15"
          }
        ]
      },
      {
        "type": "checkbox",
        "id": "collection_tags_enable",
        "label": "Show tag dropdown"
      },
      {
        "type": "checkbox",
        "id": "collection_sort_enable",
        "label": "Show sorting dropdown"
      },
      {
        "type": "checkbox",
        "id": "collection_vendor_enable",
        "label": "Show product vendor"
      }
    ]
  },
  {
    "name": "Blog Pages",
    "settings": [
      {
        "type": "checkbox",
        "id": "blog_tags_enable",
        "label": "Enable tags on article pages"
      },
      {
        "type": "checkbox",
        "id": "blog_nav_enable",
        "label": "Enable next\/previous links on article pages"
      }
    ]
  },
  {
    "name": "Cart Page",
    "settings": [
      {
        "type": "checkbox",
        "id": "cart_notes_enable",
        "label": "Allow notes with orders"
      },
      {
        "type": "checkbox",
        "id": "ajax_cart_enable",
        "label": "Enable Ajaxify Cart Drawer"
      }
    ]
  },
  {
    "name": "Social Sharing",
    "settings": [
      {
        "type": "text",
        "id": "twittercard_handle",
        "label": "Twitter Handle",
        "default": "@"
      },
      {
        "type": "checkbox",
        "id": "social_sharing_products",
        "label": "Enable sharing for products"
      },
      {
        "type": "checkbox",
        "id": "social_sharing_blog",
        "label": "Enable sharing for blog articles"
      },
      {
        "type": "checkbox",
        "id": "share_facebook",
        "label": "Share on Facebook"
      },
      {
        "type": "checkbox",
        "id": "share_twitter",
        "label": "Tweet on Twitter"
      },
      {
        "type": "checkbox",
        "id": "share_pinterest",
        "label": "Pin on Pinterest"
      },
      {
        "type": "checkbox",
        "id": "share_fancy",
        "label": "Add to Fancy"
      },
      {
        "type": "checkbox",
        "id": "share_google",
        "label": "+1 on Google Plus"
      }
    ]
  }
]