{"current":"Clean","presets":{"Solo":{"ajax_cart_enable":false,"ajax_cart_method":"Drawer","cart_notes_enable":false,"checkout_accent_color":"#7acec3","checkout_banner_background_color":"#ffffff","checkout_button_color":"#7acec3","checkout_call_to_action_color":"#7acec3","collection_paginate_by":9,"collection_sort_enable":false,"collection_tags_enable":false,"color_body_bg":"#ffffff","color_body_text":"#696969","color_borders":"#ebebeb","color_button_primary":"#7acec3","color_button_primary_text":"#ffffff","color_button_secondary":"#f0f0f0","color_button_secondary_text":"#696969","color_heading":"#403f3f","color_links":"#62b2a7","color_navigation_bg":"#7acec3","color_navigation_links":"#ffffff","color_payment_icons":"#565554","color_price":"#a1a1a1","color_sale_price":"#a1a1a1","color_sub_heading":"#a1a1a1","favicon_enable":false,"footer_custom_enable":true,"footer_custom_text":"You can use this space to show your contact details, your address, etc.","footer_custom_title":"Custom content","footer_newsletter_enable":true,"footer_newsletter_title":"newsletter","footer_quicklinks_enable":true,"footer_quicklinks_linklist":"footer","footer_social_enable":true,"home_featured_products":"frontpage","home_featured_single_product":"frontpage","home_page_content":"frontpage","home_section_1":"featured-product","home_section_2":"featured-collection","logo_max_width":"300","logo_use_image":false,"newsletter_form_action":"#","product_quantity_enable":false,"product_vendor_enable":false,"product_quantity_message":true,"related_products_enable":true,"share_facebook":true,"share_fancy":true,"share_google":true,"share_pinterest":true,"share_twitter":true,"slide_1":true,"slide_1_img":"slide_1.jpg","slide_1_link":"\/collections\/all","slider_home_auto":true,"slider_home_effect":"fadeOut","slider_home_rate":5000,"social_facebook_link":"https:\/\/www.facebook.com\/shopify","social_instagram_link":"https:\/\/instagram.com\/shopify","social_pinterest_link":"https:\/\/pinterest.com\/shopify","social_sharing_blog":true,"social_sharing_products":true,"social_sharing_url":"","social_twitter_link":"https:\/\/twitter.com\/shopify","type_accent_family":"Google_Montserrat_700_sans","type_base_family":"Google_Open+Sans","type_base_size":"15px","type_header_family":"Google_Merriweather_700","type_heading_size":"37px","type_heading_transform":false,"type_navigation_size":"13px","type_navigation_transform":true},"Clean":{"ajax_cart_enable":false,"ajax_cart_method":"Drawer","cart_notes_enable":false,"checkout_accent_color":"#222222","checkout_banner_background_color":"#ffffff","checkout_button_color":"#222222","checkout_call_to_action_color":"#222222","collection_paginate_by":9,"collection_sort_enable":false,"collection_tags_enable":false,"color_body_bg":"#ffffff","color_body_text":"#000000","color_borders":"#ebebeb","color_button_primary":"#222222","color_button_primary_text":"#ffffff","color_button_secondary":"#ffffff","color_button_secondary_text":"#000000","color_heading":"#111111","color_links":"#000000","color_navigation_bg":"#222222","color_navigation_links":"#ffffff","color_payment_icons":"#222222","color_price":"#a1a1a1","color_sale_price":"#a1a1a1","color_sub_heading":"#a1a1a1","favicon_enable":false,"footer_custom_enable":true,"footer_custom_text":"You can use this space to show your contact details, your address, etc.","footer_custom_title":"Custom content","footer_newsletter_enable":true,"footer_newsletter_title":"newsletter","footer_quicklinks_enable":true,"footer_quicklinks_linklist":"footer","footer_social_enable":true,"home_featured_products":"frontpage","home_featured_single_product":"frontpage","home_page_content":"frontpage","home_section_1":"slider","home_section_2":"home-content","home_section_3":"featured-product","logo_max_width":"300","logo_use_image":false,"newsletter_form_action":"#","product_quantity_enable":false,"product_vendor_enable":false,"product_quantity_message":true,"related_products_enable":true,"share_facebook":true,"share_fancy":true,"share_google":true,"share_pinterest":true,"share_twitter":true,"slide_1":true,"slide_1_img":"slide_1.jpg","slide_1_link":"\/collections\/all","slider_home_auto":true,"slider_home_effect":"fadeOut","slider_home_rate":5000,"social_facebook_link":"https:\/\/www.facebook.com\/shopify","social_instagram_link":"https:\/\/instagram.com\/shopify","social_pinterest_link":"https:\/\/pinterest.com\/shopify","social_sharing_blog":true,"social_sharing_products":true,"social_sharing_url":"","social_twitter_link":"https:\/\/twitter.com\/shopify","type_accent_family":"Google_Montserrat_400_sans","type_base_family":"Google_Open+Sans","type_base_size":"15px","type_header_family":"Google_Montserrat_400_sans","type_heading_size":"37px","type_heading_transform":false,"type_navigation_size":"15px","type_navigation_transform":false},"Sepia":{"ajax_cart_enable":false,"ajax_cart_method":"Drawer","cart_notes_enable":false,"checkout_accent_color":"#a47b54","checkout_banner_background_color":"#dadad2","checkout_button_color":"#a47b54","checkout_call_to_action_color":"#a47b54","collection_paginate_by":9,"collection_sort_enable":false,"collection_tags_enable":false,"color_body_bg":"#dadad2","color_body_text":"#626160","color_borders":"#c5c5ba","color_button_primary":"#a47b54","color_button_primary_text":"#efefe9","color_button_secondary":"#cbcbc3","color_button_secondary_text":"#444343","color_heading":"#444343","color_links":"#a47b54","color_navigation_bg":"#a47b54","color_navigation_links":"#efefe9","color_payment_icons":"#71706e","color_price":"#71706e","color_sale_price":"#71706e","color_sub_heading":"#a3a2a1","favicon_enable":false,"footer_custom_enable":true,"footer_custom_text":"You can use this space to show your contact details, your address, etc.","footer_custom_title":"Custom content","footer_newsletter_enable":true,"footer_newsletter_title":"newsletter","footer_quicklinks_enable":true,"footer_quicklinks_linklist":"footer","footer_social_enable":true,"home_featured_products":"frontpage","home_featured_single_product":"frontpage","home_page_content":"frontpage","home_section_1":"slider","home_section_2":"home-content","home_section_3":"featured-collection","logo_max_width":"300","logo_use_image":false,"newsletter_form_action":"#","product_quantity_enable":false,"product_vendor_enable":false,"product_quantity_message":true,"related_products_enable":true,"share_facebook":true,"share_fancy":true,"share_google":true,"share_pinterest":true,"share_twitter":true,"slide_1":true,"slide_1_img":"slide_1.jpg","slide_1_link":"\/collections\/all","slider_home_auto":true,"slider_home_effect":"fadeOut","slider_home_rate":5000,"social_facebook_link":"https:\/\/www.facebook.com\/shopify","social_instagram_link":"https:\/\/instagram.com\/shopify","social_pinterest_link":"https:\/\/pinterest.com\/shopify","social_sharing_blog":true,"social_sharing_products":true,"social_sharing_url":"","social_twitter_link":"https:\/\/twitter.com\/shopify","type_accent_family":"Google_Montserrat_700_sans","type_base_family":"Google_Open+Sans","type_base_size":"15px","type_header_family":"Google_Montserrat_700_sans","type_heading_size":"37px","type_heading_transform":false,"type_navigation_size":"15px","type_navigation_transform":false},"Dark":{"ajax_cart_enable":false,"ajax_cart_method":"Drawer","cart_notes_enable":false,"checkout_accent_color":"#a8a19e","checkout_banner_background_color":"#222222","checkout_button_color":"#a8a19e","checkout_call_to_action_color":"#222222","collection_paginate_by":9,"collection_sort_enable":false,"collection_tags_enable":false,"color_body_bg":"#222222","color_body_text":"#999999","color_borders":"#333333","color_button_primary":"#a8a19e","color_button_primary_text":"#ffffff","color_button_secondary":"#3d3b3b","color_button_secondary_text":"#ffffff","color_heading":"#ffffff","color_links":"#ffffff","color_navigation_bg":"#a8a19e","color_navigation_links":"#ffffff","color_payment_icons":"#a8a19e","color_price":"#999999","color_sale_price":"#999999","color_sub_heading":"#a8a19e","favicon_enable":false,"footer_custom_enable":true,"footer_custom_text":"You can use this space to show your contact details, your address, etc.","footer_custom_title":"Custom content","footer_newsletter_enable":true,"footer_newsletter_title":"newsletter","footer_quicklinks_enable":true,"footer_quicklinks_linklist":"footer","footer_social_enable":true,"home_featured_products":"frontpage","home_featured_single_product":"frontpage","home_page_content":"frontpage","home_section_1":"slider","home_section_2":"home-content","home_section_3":"featured-product","logo_max_width":"300","logo_use_image":false,"newsletter_form_action":"#","product_quantity_enable":false,"product_vendor_enable":false,"product_quantity_message":true,"related_products_enable":true,"share_facebook":true,"share_fancy":true,"share_google":true,"share_pinterest":true,"share_twitter":true,"slide_1":true,"slide_1_img":"slide_1.jpg","slide_1_link":"\/collections\/all","slider_home_auto":true,"slider_home_effect":"fadeOut","slider_home_rate":5000,"social_facebook_link":"https:\/\/www.facebook.com\/shopify","social_instagram_link":"https:\/\/instagram.com\/shopify","social_pinterest_link":"https:\/\/pinterest.com\/shopify","social_sharing_blog":true,"social_sharing_products":true,"social_sharing_url":"","social_twitter_link":"https:\/\/twitter.com\/shopify","type_accent_family":"Google_Montserrat_700_sans","type_base_family":"Google_Droid+Sans_400_sans","type_base_size":"15px","type_header_family":"Google_Montserrat_400_sans","type_heading_size":"37px","type_heading_transform":false,"type_navigation_size":"14px","type_navigation_transform":false}}}